﻿pos_x,pos_y,rotation,side,designator,mpn,pack,footprint,value,mount_type
42.5375,-21.4,90.0,top,A1,,,RaspberryPi_Pico_Common_Unspecified,RaspberryPi_Pico,tht
176.53,-41.13,90.0,bottom,D10,,,D_SOD-523,1N4148WT,smt
195.58,-41.13,90.0,bottom,D11,,,D_SOD-523,1N4148WT,smt
214.63,-41.13,90.0,bottom,D12,,,D_SOD-523,1N4148WT,smt
233.68,-41.13,90.0,bottom,D13,,,D_SOD-523,1N4148WT,smt
252.73,-41.13,90.0,bottom,D14,,,D_SOD-523,1N4148WT,smt
271.78,-41.13,90.0,bottom,D16,,,D_SOD-523,1N4148WT,smt
300.355,-41.13,90.0,bottom,D17,,,D_SOD-523,1N4148WT,smt
47.9425,-60.18,90.0,bottom,D18,,,D_SOD-523,1N4148WT,smt
71.755,-60.18,90.0,bottom,D19,,,D_SOD-523,1N4148WT,smt
43.18,-41.13,90.0,bottom,D2,,,D_SOD-523,1N4148WT,smt
90.805,-60.18,90.0,bottom,D20,,,D_SOD-523,1N4148WT,smt
109.855,-60.18,90.0,bottom,D21,,,D_SOD-523,1N4148WT,smt
128.905,-60.18,90.0,bottom,D22,,,D_SOD-523,1N4148WT,smt
147.955,-60.18,90.0,bottom,D23,,,D_SOD-523,1N4148WT,smt
167.005,-60.18,90.0,bottom,D24,,,D_SOD-523,1N4148WT,smt
186.055,-60.18,90.0,bottom,D25,,,D_SOD-523,1N4148WT,smt
205.105,-60.18,90.0,bottom,D26,,,D_SOD-523,1N4148WT,smt
224.155,-60.18,90.0,bottom,D27,,,D_SOD-523,1N4148WT,smt
243.205,-60.18,90.0,bottom,D28,,,D_SOD-523,1N4148WT,smt
62.23,-41.13,90.0,bottom,D3,,,D_SOD-523,1N4148WT,smt
262.255,-60.18,90.0,bottom,D30,,,D_SOD-523,1N4148WT,smt
281.305,-60.18,90.0,bottom,D31,,,D_SOD-523,1N4148WT,smt
307.49875,-69.705,90.0,bottom,D32,,,D_SOD-523,1N4148WT,smt
50.32375,-79.23,90.0,bottom,D33,,,D_SOD-523,1N4148WT,smt
76.5175,-79.23,90.0,bottom,D34,,,D_SOD-523,1N4148WT,smt
95.5675,-79.23,90.0,bottom,D35,,,D_SOD-523,1N4148WT,smt
114.6175,-79.23,90.0,bottom,D36,,,D_SOD-523,1N4148WT,smt
133.6675,-79.23,90.0,bottom,D37,,,D_SOD-523,1N4148WT,smt
152.7175,-79.23,90.0,bottom,D38,,,D_SOD-523,1N4148WT,smt
171.7675,-79.23,90.0,bottom,D39,,,D_SOD-523,1N4148WT,smt
62.23,-41.13,90.0,bottom,D4,,,D_SOD-523,1N4148WT,smt
190.8175,-79.23,90.0,bottom,D40,,,D_SOD-523,1N4148WT,smt
209.8675,-79.23,90.0,bottom,D41,,,D_SOD-523,1N4148WT,smt
228.9175,-79.23,90.0,bottom,D42,,,D_SOD-523,1N4148WT,smt
247.9675,-79.23,90.0,bottom,D44,,,D_SOD-523,1N4148WT,smt
267.0175,-79.23,90.0,bottom,D45,,,D_SOD-523,1N4148WT,smt
286.0675,-79.23,90.0,bottom,D46,,,D_SOD-523,1N4148WT,smt
45.56125,-98.28,90.0,bottom,D47,,,D_SOD-523,1N4148WT,smt
66.9925,-98.28,90.0,bottom,D48,,,D_SOD-523,1N4148WT,smt
86.0425,-98.28,90.0,bottom,D49,,,D_SOD-523,1N4148WT,smt
81.28,-41.13,90.0,bottom,D5,,,D_SOD-523,1N4148WT,smt
105.0925,-98.28,90.0,bottom,D50,,,D_SOD-523,1N4148WT,smt
124.1425,-98.28,90.0,bottom,D51,,,D_SOD-523,1N4148WT,smt
143.1925,-98.28,90.0,bottom,D52,,,D_SOD-523,1N4148WT,smt
162.2425,-98.28,90.0,bottom,D53,,,D_SOD-523,1N4148WT,smt
181.2925,-98.28,90.0,bottom,D54,,,D_SOD-523,1N4148WT,smt
200.3425,-98.28,90.0,bottom,D55,,,D_SOD-523,1N4148WT,smt
219.3925,-98.28,90.0,bottom,D56,,,D_SOD-523,1N4148WT,smt
238.4425,-98.28,90.0,bottom,D58,,,D_SOD-523,1N4148WT,smt
257.4925,-98.28,90.0,bottom,D59,,,D_SOD-523,1N4148WT,smt
100.33,-41.13,90.0,bottom,D6,,,D_SOD-523,1N4148WT,smt
293.21125,-98.28,90.0,bottom,D60,,,D_SOD-523,1N4148WT,smt
45.56125,-117.33,90.0,bottom,D61,,,D_SOD-523,1N4148WT,smt
69.37375,-117.33,90.0,bottom,D62,,,D_SOD-523,1N4148WT,smt
93.18625,-117.33,90.0,bottom,D63,,,D_SOD-523,1N4148WT,smt
164.62375,-117.33,90.0,bottom,D64,,,D_SOD-523,1N4148WT,smt
236.06125,-117.33,90.0,bottom,D65,,,D_SOD-523,1N4148WT,smt
259.87375,-117.33,90.0,bottom,D66,,,D_SOD-523,1N4148WT,smt
283.68625,-117.33,90.0,bottom,D67,,,D_SOD-523,1N4148WT,smt
307.49875,-117.33,90.0,bottom,D68,,,D_SOD-523,1N4148WT,smt
119.37,-22.09,90.0,bottom,D69,,,D_SOD-523,1N4148WT,smt
119.38,-41.13,90.0,bottom,D7,,,D_SOD-523,1N4148WT,smt
100.27,-22.05,90.0,bottom,D70,,,D_SOD-523,1N4148WT,smt
138.43,-41.13,90.0,bottom,D8,,,D_SOD-523,1N4148WT,smt
157.48,-41.13,90.0,bottom,D9,,,D_SOD-523,1N4148WT,smt
38.1,-38.1,0.0,top,SW1,,,SW_Cherry_MX_1.00u_PCB,SW_Push_45deg,tht
190.5,-38.1,0.0,top,SW10,,,SW_Cherry_MX_1.00u_PCB,SW_Push_45deg,tht
209.55,-38.1,0.0,top,SW11,,,SW_Cherry_MX_1.00u_PCB,SW_Push_45deg,tht
228.6,-38.1,0.0,top,SW12,,,SW_Cherry_MX_1.00u_PCB,SW_Push_45deg,tht
247.65,-38.1,0.0,top,SW13,,,SW_Cherry_MX_1.00u_PCB,SW_Push_45deg,tht
295.29,-38.1125,0.0,top,SW14,,,SW_Cherry_MX_2.00u_PCB,SW_Push_45deg,tht
42.89,-57.17,0.0,top,SW15,,,SW_Cherry_MX_1.50u_PCB,SW_Push_45deg,tht
137.94,-95.32,0.0,top,SW16,,,SW_Cherry_MX_1.00u_PCB,SW_Push_45deg,tht
66.675,-57.15,0.0,top,SW17,,,SW_Cherry_MX_1.00u_PCB,SW_Push_45deg,tht
85.725,-57.15,0.0,top,SW18,,,SW_Cherry_MX_1.00u_PCB,SW_Push_45deg,tht
104.775,-57.15,0.0,top,SW19,,,SW_Cherry_MX_1.00u_PCB,SW_Push_45deg,tht
57.15,-38.1,0.0,top,SW2,,,SW_Cherry_MX_1.00u_PCB,SW_Push_45deg,tht
123.825,-57.15,0.0,top,SW20,,,SW_Cherry_MX_1.00u_PCB,SW_Push_45deg,tht
142.875,-57.15,0.0,top,SW21,,,SW_Cherry_MX_1.00u_PCB,SW_Push_45deg,tht
161.925,-57.15,0.0,top,SW22,,,SW_Cherry_MX_1.00u_PCB,SW_Push_45deg,tht
180.975,-57.15,0.0,top,SW23,,,SW_Cherry_MX_1.00u_PCB,SW_Push_45deg,tht
200.025,-57.15,0.0,top,SW24,,,SW_Cherry_MX_1.00u_PCB,SW_Push_45deg,tht
219.075,-57.15,0.0,top,SW25,,,SW_Cherry_MX_1.00u_PCB,SW_Push_45deg,tht
238.125,-57.15,0.0,top,SW26,,,SW_Cherry_MX_1.00u_PCB,SW_Push_45deg,tht
257.175,-57.15,0.0,top,SW27,,,SW_Cherry_MX_1.00u_PCB,SW_Push_45deg,tht
302.39,-66.72,0.0,top,SW28,,,SW_Cherry_MX_ISOEnter_PCB,SW_Push_45deg,tht
45.24,-76.22,0.0,top,SW29,,,SW_Cherry_MX_1.75u_PCB,SW_Push_45deg,tht
57.15,-38.1,0.0,top,SW3,,,SW_Cherry_MX_1.00u_PCB,SW_Push_45deg,tht
118.84,-95.32,0.0,top,SW30,,,SW_Cherry_MX_1.00u_PCB,SW_Push_45deg,tht
71.4375,-76.2,0.0,top,SW31,,,SW_Cherry_MX_1.00u_PCB,SW_Push_45deg,tht
90.4875,-76.2,0.0,top,SW32,,,SW_Cherry_MX_1.00u_PCB,SW_Push_45deg,tht
109.5375,-76.2,0.0,top,SW33,,,SW_Cherry_MX_1.00u_PCB,SW_Push_45deg,tht
128.5875,-76.2,0.0,top,SW34,,,SW_Cherry_MX_1.00u_PCB,SW_Push_45deg,tht
147.6375,-76.2,0.0,top,SW35,,,SW_Cherry_MX_1.00u_PCB,SW_Push_45deg,tht
166.6875,-76.2,0.0,top,SW36,,,SW_Cherry_MX_1.00u_PCB,SW_Push_45deg,tht
185.7375,-76.2,0.0,top,SW37,,,SW_Cherry_MX_1.00u_PCB,SW_Push_45deg,tht
204.7875,-76.2,0.0,top,SW38,,,SW_Cherry_MX_1.00u_PCB,SW_Push_45deg,tht
223.8375,-76.2,0.0,top,SW39,,,SW_Cherry_MX_1.00u_PCB,SW_Push_45deg,tht
76.2,-38.1,0.0,top,SW4,,,SW_Cherry_MX_1.00u_PCB,SW_Push_45deg,tht
242.8875,-76.2,0.0,top,SW40,,,SW_Cherry_MX_1.00u_PCB,SW_Push_45deg,tht
288.14,-95.27,0.0,top,SW41,,,SW_Cherry_MX_2.75u_PCB,SW_Push_45deg,tht
254.84,-114.32,0.0,top,SW42,,,SW_Cherry_MX_1.25u_PCB,SW_Push_45deg,tht
40.49,-95.32,0.0,top,SW43,,,SW_Cherry_MX_1.25u_PCB,SW_Push_45deg,tht
88.09,-114.42,0.0,top,SW44,,,SW_Cherry_MX_1.25u_PCB,SW_Push_45deg,tht
159.59,-114.3625,0.0,top,SW45,,,SW_Cherry_MX_6.25u_PCB,SW_Push_45deg,tht
40.49,-114.37,0.0,top,SW46,,,SW_Cherry_MX_1.25u_PCB,SW_Push_45deg,tht
64.34,-114.37,0.0,top,SW47,,,SW_Cherry_MX_1.25u_PCB,SW_Push_45deg,tht
302.44,-114.32,0.0,top,SW48,,,SW_Cherry_MX_1.25u_PCB,SW_Push_45deg,tht
278.64,-114.32,0.0,top,SW49,,,SW_Cherry_MX_1.25u_PCB,SW_Push_45deg,tht
95.25,-38.1,0.0,top,SW5,,,SW_Cherry_MX_1.00u_PCB,SW_Push_45deg,tht
176.2125,-95.25,0.0,top,SW50,,,SW_Cherry_MX_1.00u_PCB,SW_Push_45deg,tht
195.2625,-95.25,0.0,top,SW51,,,SW_Cherry_MX_1.00u_PCB,SW_Push_45deg,tht
214.3125,-95.25,0.0,top,SW52,,,SW_Cherry_MX_1.00u_PCB,SW_Push_45deg,tht
233.3625,-95.25,0.0,top,SW53,,,SW_Cherry_MX_1.00u_PCB,SW_Push_45deg,tht
252.4125,-95.25,0.0,top,SW54,,,SW_Cherry_MX_1.00u_PCB,SW_Push_45deg,tht
276.19,-57.17,0.0,top,SW55,,,SW_Cherry_MX_1.00u_PCB,SW_Push_45deg,tht
280.99,-76.22,0.0,top,SW56,,,SW_Cherry_MX_1.00u_PCB,SW_Push_45deg,tht
231.04,-114.32,0.0,top,SW57,,,SW_Cherry_MX_1.25u_PCB,SW_Push_45deg,tht
80.84,-95.32,0.0,top,SW58,,,SW_Cherry_MX_1.00u_PCB,SW_Push_45deg,tht
157.04,-95.3,0.0,top,SW59,,,SW_Cherry_MX_1.00u_PCB,SW_Push_45deg,tht
114.3,-38.1,0.0,top,SW6,,,SW_Cherry_MX_1.00u_PCB,SW_Push_45deg,tht
99.74,-95.32,0.0,top,SW60,,,SW_Cherry_MX_1.00u_PCB,SW_Push_45deg,tht
261.94,-76.22,0.0,top,SW61,,,SW_Cherry_MX_1.00u_PCB,SW_Push_45deg,tht
266.75,-38.1,0.0,top,SW62,,,SW_Cherry_MX_1.00u_PCB,SW_Push_45deg,tht
61.94,-95.32,0.0,top,SW63,,,SW_Cherry_MX_1.00u_PCB,SW_Push_45deg,tht
114.29,-19.06,0.0,top,SW64,,,SW_Cherry_MX_1.00u_PCB,SW_Push_45deg,tht
95.19,-19.02,0.0,top,SW65,,,SW_Cherry_MX_1.00u_PCB,SW_Push_45deg,tht
133.35,-38.1,0.0,top,SW7,,,SW_Cherry_MX_1.00u_PCB,SW_Push_45deg,tht
152.4,-38.1,0.0,top,SW8,,,SW_Cherry_MX_1.00u_PCB,SW_Push_45deg,tht
171.45,-38.1,0.0,top,SW9,,,SW_Cherry_MX_1.00u_PCB,SW_Push_45deg,tht
